Chain,Residue,Dihedral,Label,Toxin Mean,Toxin Std,Control Mean,Control Std,Difference
PROD,G1,carbonyl,PROD:G1_carbonyl,-10.599147031021314,110.20660415480084,-71.26855755550721,92.51800649548878,60.6694105244859
PROD,G2,carbonyl,PROD:G2_carbonyl,-68.60632188726572,148.7977345817902,-114.89088320016867,94.88563181065436,46.28456131290295
PROD,G1,psi,PROD:G1_psi,0.051612193959221675,75.89125924773734,38.95768546773331,52.001124501618115,-38.90607327377409
PROB,G2,carbonyl,PROB:G2_carbonyl,-127.91440958935007,96.43160829163348,-90.17352434746365,96.42990343658573,-37.74088524188642
PROD,Y,carbonyl,PROD:Y_carbonyl,81.74079806651199,73.84808887408003,114.78223170508767,62.86578929689016,-33.04143363857568
PROD,Y,psi,PROD:Y_psi,-22.68883575039506,96.69733668870056,-48.71632747745855,40.270651613438964,26.027491727063488
PROA,Y,carbonyl,PROA:Y_carbonyl,124.39227631991079,67.17278717570052,103.25185724641203,92.0112465999073,21.140419073498762
PROA,G2,carbonyl,PROA:G2_carbonyl,-114.61506985680965,115.61265601486475,-96.4177287284706,94.84072321958506,-18.197341128339048
PROA,G1,carbonyl,PROA:G1_carbonyl,-108.00290547978605,35.25143399682634,-93.24727588278218,60.61492472361841,-14.755629597003875
PROC,T,carbonyl,PROC:T_carbonyl,-102.00880533381205,135.01419564528902,-115.05506228031808,121.94776319348958,13.046256946506034
PROB,Y,carbonyl,PROB:Y_carbonyl,137.55163737378987,32.63453308094667,126.57436993532619,42.67925540588524,10.977267438463684
PROA,V,psi,PROA:V_psi,-35.20522622644235,30.727864627318375,-46.171263543799775,12.657984928583717,10.966037317357426
PROA,V,carbonyl,PROA:V_carbonyl,119.34959257571332,63.06353248258742,130.12388230762295,14.978354716133623,-10.774289731909633
PROD,T,carbonyl,PROD:T_carbonyl,-112.45217426656563,124.34291101512927,-122.98799194829289,113.73280992011475,10.535817681727252
PROD,V,psi,PROD:V_psi,-32.21604132726534,19.494630081865946,-40.98613521011603,9.392691093800419,8.770093882850695
PROA,T,carbonyl,PROA:T_carbonyl,-109.47373669167617,128.4654233711146,-118.11545561351593,118.0299475763039,8.641718921839768
PROB,Y,psi,PROB:Y_psi,-39.10709353396923,11.187043908865688,-31.45183424924145,50.344500149880105,-7.6552592847277765
PROB,G1,psi,PROB:G1_psi,67.1646005435973,20.224789724212503,59.62531571398113,20.328113494612158,7.539284829616172
PROC,G1,psi,PROC:G1_psi,61.971367472372364,15.93891669546164,69.46344769844698,20.054567500836217,-7.49208022607462
PROD,V,carbonyl,PROD:V_carbonyl,128.13996704729203,61.18540215306433,134.82935759356417,14.532441218844236,-6.689390546272136
PROC,G1,carbonyl,PROC:G1_carbonyl,-117.39741618690475,18.17444968003705,-110.78943500013708,19.708624592161904,-6.607981186767674
PROB,V,psi,PROB:V_psi,-37.170994427738,13.618154112495086,-41.81091818526363,8.970686449237858,4.639923757525629
PROC,G2,carbonyl,PROC:G2_carbonyl,-125.6372848055846,105.29286742673924,-129.6091079175768,98.47817671155428,3.971823111992208
PROB,V,carbonyl,PROB:V_carbonyl,130.5981375807104,48.94698261793036,133.98291229687442,13.490252415394703,-3.3847747161640314
PROB,T,carbonyl,PROB:T_carbonyl,-111.0106681964963,126.79738753394851,-114.10265005658643,124.28518526920561,3.0919818600901294
PROC,V,carbonyl,PROC:V_carbonyl,133.37571549438343,27.8742422811255,130.86247050097515,40.45128885897821,2.5132449934082786
PROB,G1,carbonyl,PROB:G1_carbonyl,-112.9764431840154,20.04276541314828,-110.90274172570764,41.5277526067033,-2.0737014583077524
PROC,T,psi,PROC:T_psi,11.078957458182895,9.646136473115618,13.09486137918551,10.569725376279541,-2.0159039210026144
PROC,Y,psi,PROC:Y_psi,-41.84028300431054,9.039713555544804,-39.92586577860634,10.072565667285467,-1.9144172257042058
PROA,T,psi,PROA:T_psi,11.830594236843567,9.812969103298068,13.67388198436793,10.763108045426039,-1.8432877475243625
PROA,Y,psi,PROA:Y_psi,-38.40260948359073,16.415648395009196,-39.904523166383754,33.271308765839734,1.501913682793024
PROA,G1,psi,PROA:G1_psi,66.40305074592901,28.230533253426934,65.02427682853943,41.49647525553907,1.37877391738958
PROD,T,psi,PROD:T_psi,12.788459473547746,10.26719042364981,13.329253980320114,9.712179186849072,-0.5407945067723681
PROB,T,psi,PROB:T_psi,12.183189780949442,9.824049293673138,11.809164758872441,9.429208002828364,0.37402502207700117
PROC,V,psi,PROC:V_psi,-40.1019295770747,11.40090442687458,-39.80028243602774,13.858958866497915,-0.30164714104695634
PROC,Y,carbonyl,PROC:Y_carbonyl,138.01080236630136,15.12283118621987,138.00063093762157,27.28605134546415,0.010171428679797145
