Chain,Dihedral,Frame,Time (ns),Angle Before (deg),Angle After (deg),Change (deg)
PROA,G1_psi,216,0.01055985336,94.55552032546187,46.90354556671256,47.65197475874931
PROA,G1_psi,1014,0.04957264494,79.72389016397052,34.29205178141834,45.431838382552186
PROA,G1_psi,1087,0.05314148427,94.45486547738037,43.90341582656119,50.55144965081918
PROA,G1_psi,1099,0.05372814279,105.37001843682218,54.09126209697587,51.27875633984631
PROA,G1_psi,3476,0.16993541796,90.74916461619556,44.05220867794822,46.696955938247335
PROA,T_psi,2712,0.13258482552,3.515107596116092,54.145505335270855,50.63039773915476
PROA,T_carbonyl,874,0.042728295539999996,168.5339901895143,-146.28226821856182,45.18374159192388
PROA,T_carbonyl,3406,0.16651324326,-142.06655024558017,170.32343858680724,47.61001116761258
PROA,G2_carbonyl,364,0.01779530844,-139.37667718220055,174.75687000096306,45.866452816836386
PROA,G2_carbonyl,1527,0.07465229666999999,-135.589105988752,178.12289538264477,46.28799862860319
PROA,G2_carbonyl,2087,0.10202969427000001,-149.87231616927315,162.88773975793112,47.239944072795765
PROA,G2_carbonyl,2088,0.10207858248000001,162.88773975793112,-147.9222946916973,49.189965550371596
PROA,G2_carbonyl,2335,0.11415397035000001,-137.14712664152532,176.00411489162485,46.84875846684986
PROA,G2_carbonyl,3398,0.16612213758000002,-134.6665636111954,176.5922154263709,48.741220962433715
PROA,G2_carbonyl,3733,0.18249968793,171.59152237625898,-139.31665056226538,49.09182706147567
PROA,G2_carbonyl,3965,0.19384175265,-138.7153893168319,170.0087595063062,51.27585117686192
PROA,G2_carbonyl,3966,0.19389064086000002,170.0087595063062,-144.81534914389243,45.17589134980136
PROA,G1_carbonyl,216,0.01055985336,-87.36774721328251,-133.17708356017434,45.809336346891826
PROA,G1_carbonyl,1014,0.04957264494,-99.34400326555043,-145.32255051072892,45.97854724517849
PROA,G1_carbonyl,1099,0.05372814279,-76.17961401916132,-122.42883228791187,46.24921826875055
PROB,G1_psi,9,0.00043999389,54.87349441216301,108.94046358590876,54.06696917374575
PROB,G1_psi,1261,0.06164803281,51.27697709170661,111.04430317183387,59.76732608012726
PROB,G1_psi,1262,0.06169692102,111.04430317183387,50.69219336822412,60.35210980360976
PROB,G1_psi,1409,0.06888348789,29.387967601902925,81.23539748318034,51.84742988127741
PROB,G1_psi,2281,0.11151400701,92.1884227512623,45.15051694387295,47.03790580738934
PROB,G1_psi,3667,0.17927306607,37.06788461756421,86.9036169881137,49.835732370549486
PROB,V_carbonyl,9,0.00043999389,140.21648481977047,-157.7558237290322,62.02769145119737
PROB,V_carbonyl,10,0.0004888821,-157.7558237290322,137.85878157804626,64.38539469292152
PROB,V_carbonyl,1064,0.05201705544,162.55415019902344,114.49189839086864,48.0622518081548
PROB,V_carbonyl,2163,0.10574519823,171.37944360457183,122.3569767833152,49.02246682125663
PROB,Y_psi,3403,0.16636657862999998,-33.569290360423295,-82.99742804173933,49.42813768131603
PROB,V_psi,9,0.00043999389,-43.19514166683256,26.393125411797392,69.58826707862995
PROB,V_psi,10,0.0004888821,26.393125411797392,-44.77099039852752,71.16411581032492
PROB,T_psi,613,0.02996847273,39.2799853899519,-14.034013853743502,53.3139992436954
PROB,T_psi,2334,0.11410508214000001,-11.562264699592488,34.25225647536053,45.81452117495302
PROB,T_carbonyl,613,0.02996847273,-141.81282141450282,157.06088351694123,61.12629506855592
PROB,T_carbonyl,1198,0.05856807558,-147.56699876045897,167.09025791435258,45.34274332518845
PROB,T_carbonyl,2334,0.11410508214000001,170.83851167039967,-141.77056188367789,47.390926445922446
PROB,T_carbonyl,2335,0.11415397035000001,-141.77056188367789,172.64507060613596,45.584367510186155
PROB,G2_carbonyl,262,0.01280871102,-122.03703659765243,174.9592257582619,63.003737644085675
PROB,G2_carbonyl,1235,0.06037693935,-144.59958374311404,169.75182165586662,45.64859460101934
PROB,G2_carbonyl,1281,0.06262579701,-127.16703786541653,-175.99047937697568,48.82344151155915
PROB,G2_carbonyl,1864,0.09112762344000001,167.5408674573739,-138.08137076046788,54.377761782158245
PROB,G2_carbonyl,1910,0.0933764811,-133.6495283016159,-179.00704875165357,45.35752045003767
PROB,G2_carbonyl,1943,0.09498979203,-147.99912941168498,165.68801401912847,46.31285656918658
PROB,G2_carbonyl,2430,0.11879835030000001,-149.3696640840138,153.0414335687103,57.588902347275905
PROB,G2_carbonyl,2431,0.11884723851,153.0414335687103,-138.04022724851316,68.91833918277655
PROB,G2_carbonyl,3115,0.15228677415000003,-145.48652878349466,168.3668030921456,46.146668124359735
PROB,G2_carbonyl,3759,0.18377078139,-124.18579294086857,-169.5663937065035,45.38060076563494
PROB,G2_carbonyl,3931,0.19217955351000002,170.5328251664566,-139.55024498730373,49.91692984623967
PROB,G1_carbonyl,9,0.00043999389,-127.61844109468116,-68.90505207521994,58.71338901946122
PROB,G1_carbonyl,229,0.01119540009,-139.7509365602026,-91.43856361737325,48.312372942829356
PROB,G1_carbonyl,1261,0.06164803281,-133.50701105151037,-73.5997196221451,59.90729142936527
PROB,G1_carbonyl,1262,0.06169692102,-73.5997196221451,-126.86336121082265,53.263641588677544
PROB,G1_carbonyl,1409,0.06888348789,-143.2555127227158,-94.74199270436812,48.51352001834768
PROB,G1_carbonyl,2583,0.12627824643000002,-147.59433022876163,-100.44466577079321,47.14966445796843
PROC,G2_carbonyl,394,0.01926195474,172.16822364125787,-142.03385289316927,45.797923465572865
PROC,G2_carbonyl,594,0.02903959674,-136.8568346650903,165.83885073531076,57.30431459959891
PROC,G2_carbonyl,595,0.02908848495,165.83885073531076,-147.1435874016086,47.01756186308063
PROC,G2_carbonyl,1245,0.060865821449999996,-154.13950635425016,153.41049630392936,52.44999734182045
PROC,G2_carbonyl,1287,0.06291912627,165.3454002365743,-145.7949334149487,48.85966634847699
PROC,G2_carbonyl,1450,0.0708879045,-144.56293464839538,164.71871156113698,50.71835379046763
PROC,G2_carbonyl,1673,0.08178997533,-147.1604204587821,166.37259807237473,46.46698146884319
PROC,G2_carbonyl,1953,0.09547867413,-139.93367900975707,172.34752369356738,47.718797296675575
PROC,G2_carbonyl,2910,0.1422646911,175.48412673980425,-139.07031685492368,45.4455564052721
PROC,G2_carbonyl,3045,0.14886459945000002,162.67114529187697,-141.41625579826493,55.912598909858104
PROC,G2_carbonyl,3346,0.16357995066,-130.1359588253538,178.34696637456446,51.51707480008173
PROC,G2_carbonyl,3358,0.16416660918,-145.41242018760224,158.05338171766232,56.534198094735416
PROC,G1_carbonyl,250,0.0122220525,-133.50591895243238,-85.43854987343481,48.06736907899757
PROC,G1_carbonyl,1099,0.05372814279,-153.5115569393877,-105.80343227511123,47.70812466427647
PROC,G1_carbonyl,1888,0.09230094048000001,-96.9820032498663,-141.98861439194812,45.00661114208182
PROC,G1_carbonyl,3188,0.15585561348000002,-94.57314683597819,-140.99974050963843,46.426593673660236
PROD,G1_psi,2,9.777642000000001e-05,47.24230641311159,102.41587906420807,55.17357265109648
PROD,G1_psi,1751,0.08560325570999999,90.25134351898025,35.50491986354008,54.74642365544017
PROD,G1_psi,2000,0.09777642,52.41388613182041,103.54092898768658,51.12704285586617
PROD,G1_psi,2237,0.10936292577000001,39.95823237825897,85.20343578282507,45.2452034045661
PROD,G1_psi,3120,0.1525312152,31.599759923482285,79.34496908726663,47.74520916378435
PROD,V_carbonyl,2,9.777642000000001e-05,125.87575274441356,-152.4812884837305,81.64295877185594
PROD,V_carbonyl,5,0.00024444105,-124.11556608156205,144.14423000563983,91.74020391279811
PROD,V_carbonyl,685,0.033488423850000004,172.77213634345947,124.5612620385605,48.210874304898965
PROD,V_carbonyl,946,0.04624824666,168.13175319842367,121.12714848637499,47.004604712048675
PROD,V_psi,2,9.777642000000001e-05,-51.009890121558804,34.94147704563481,85.95136716719361
PROD,V_psi,5,0.00024444105,51.31760670109979,-35.07858062197294,86.39618732307272
PROD,V_psi,685,0.033488423850000004,-5.264773236377341,-51.28899220503995,46.02421896866261
PROD,V_psi,946,0.04624824666,-9.333082886040755,-57.26010090219647,47.927018016155714
PROD,V_psi,947,0.04629713487,-57.26010090219647,-11.229367836049459,46.03073306614701
PROD,Y_carbonyl,39,0.0019066401900000001,162.02240808659337,116.75463160790268,45.26777647869069
PROD,Y_carbonyl,3425,0.16744211925000002,147.28673563814942,101.3665869023055,45.920148735843924
PROD,T_psi,282,0.01378647522,2.411424256423364,51.31210040649233,48.90067615006896
PROD,T_psi,544,0.02659518624,28.66729655322563,-16.53807036829967,45.2053669215253
PROD,T_psi,1120,0.054754795200000005,30.06829382018595,-18.080322294430967,48.148616114616914
PROD,T_carbonyl,282,0.01378647522,174.9697136858027,-135.6830711683853,49.347215145812015
PROD,T_carbonyl,544,0.02659518624,-144.23968549264214,163.29221974459634,52.46809476276155
PROD,T_carbonyl,671,0.03280398891,165.49803437880132,-146.45903338920795,48.04293223199073
PROD,T_carbonyl,1136,0.055537006560000005,178.15685169865992,-136.52608961337967,45.31705868796041
PROD,T_carbonyl,2468,0.12065610228,-147.17572166156145,162.79034470630475,50.03393363213377
PROD,G2_carbonyl,148,0.0072354550800000006,-174.5283402303108,-126.53720395441161,47.99113627589918
PROD,G2_carbonyl,228,0.01114651188,-132.55984895632275,175.29691465037217,52.143236393305074
PROD,G2_carbonyl,255,0.01246649355,-165.94849860882707,-118.04397942106434,47.90451918776273
PROD,G2_carbonyl,302,0.01476423942,-141.373807430669,170.99192454283482,47.634268026496215
PROD,G2_carbonyl,556,0.02718184476,179.51356023459866,-130.57350757897905,49.91293218642227
PROD,G2_carbonyl,896,0.043803836160000005,-137.14548838612467,174.23431018966664,48.62020142420869
PROD,G2_carbonyl,1061,0.05187039081000001,-178.18458996087023,-132.95483267824417,45.22975728262605
PROD,G2_carbonyl,1113,0.05441257773,178.32536325657708,-133.24565170448048,48.428985038942415
PROD,G2_carbonyl,1656,0.08095887576,-148.12588042549058,159.159576342858,52.71454323165142
PROD,G2_carbonyl,1657,0.08100776397,159.159576342858,-144.56903518994415,56.27138846719788
PROD,G2_carbonyl,1867,0.09127428807,172.57456133748119,-134.36654130570565,53.05889735681319
PROD,G2_carbonyl,1870,0.0914209527,-148.79836062758142,158.11043919794272,53.09120017447583
PROD,G2_carbonyl,2697,0.13185150236999998,-134.41495154897723,176.82984312362618,48.755205327396595
PROD,G2_carbonyl,2721,0.13302481941,173.41004487978753,-133.82044947625684,52.769505643955654
PROD,G2_carbonyl,2812,0.13747364652000002,-133.07270967858324,-178.35452407599988,45.28181439741664
PROD,G2_carbonyl,2853,0.13947806313,168.6458638003234,-139.16674955061035,52.18738664906624
PROD,G2_carbonyl,3115,0.15228677415000003,-151.56751362743628,158.50608356007533,49.92640281248839
PROD,G2_carbonyl,3441,0.16822433061,179.91490669579284,-125.14288744854728,54.94220585565989
PROD,G1_carbonyl,2,9.777642000000001e-05,-139.11508470711559,-79.29807888328476,59.817005823830826
PROD,G1_carbonyl,2557,0.12500715297,-140.77864942865835,-95.39368840500394,45.38496102365441
